time,latitude,longitude,sst_celsius,source,variable
2023-01-03 00:00:00+00:00,6.0208306,94.97917,28.7,NOAA_ERDDAP,sst
2023-01-03 00:00:00+00:00,6.0208306,95.06251,28.75,NOAA_ERDDAP,sst
2023-01-03 00:00:00+00:00,6.0208306,95.14584,28.21,NOAA_ERDDAP,sst
2023-01-03 00:00:00+00:00,6.0208306,95.22917,29.5,NOAA_ERDDAP,sst
2023-01-03 00:00:00+00:00,6.0208306,95.31251,29.525,NOAA_ERDDAP,sst
2023-01-03 00:00:00+00:00,6.0208306,95.39584,29.345,NOAA_ERDDAP,sst
2023-01-03 00:00:00+00:00,6.0208306,95.47917,28.535,NOAA_ERDDAP,sst
2023-01-03 00:00:00+00:00,6.0208306,95.56251,29.225,NOAA_ERDDAP,sst
2023-01-03 00:00:00+00:00,6.0208306,95.64584,28.985,NOAA_ERDDAP,sst
2023-01-03 00:00:00+00:00,6.0208306,95.72917,28.96,NOAA_ERDDAP,sst
2023-01-03 00:00:00+00:00,6.0208306,95.81251,29.07,NOAA_ERDDAP,sst
2023-01-03 00:00:00+00:00,6.0208306,95.89584,29.115,NOAA_ERDDAP,sst
2023-01-03 00:00:00+00:00,6.0208306,95.97917,28.82,NOAA_ERDDAP,sst
2023-01-03 00:00:00+00:00,6.0208306,96.06251,29.08,NOAA_ERDDAP,sst
2023-01-03 00:00:00+00:00,6.0208306,96.47917,29.04,NOAA_ERDDAP,sst
2023-01-03 00:00:00+00:00,6.0208306,96.56251,28.15,NOAA_ERDDAP,sst
2023-01-03 00:00:00+00:00,6.0208306,96.64584,28.36,NOAA_ERDDAP,sst
2023-01-03 00:00:00+00:00,6.0208306,96.72917,29.195,NOAA_ERDDAP,sst
2023-01-03 00:00:00+00:00,6.0208306,96.81251,29.06,NOAA_ERDDAP,sst
2023-01-03 00:00:00+00:00,6.0208306,96.89584,29.125,NOAA_ERDDAP,sst
2023-01-03 00:00:00+00:00,6.0208306,96.97917,29.39,NOAA_ERDDAP,sst
2023-01-03 00:00:00+00:00,6.0208306,97.06251,29.57,NOAA_ERDDAP,sst
2023-01-03 00:00:00+00:00,6.0208306,97.14584,29.3,NOAA_ERDDAP,sst
2023-01-03 00:00:00+00:00,6.0208306,97.22917,29.615,NOAA_ERDDAP,sst
2023-01-03 00:00:00+00:00,6.0208306,97.31251,29.585,NOAA_ERDDAP,sst
2023-01-03 00:00:00+00:00,6.0208306,97.39584,29.44,NOAA_ERDDAP,sst
2023-01-03 00:00:00+00:00,6.0208306,97.47917,29.75,NOAA_ERDDAP,sst
2023-01-03 00:00:00+00:00,6.0208306,97.56251,29.585,NOAA_ERDDAP,sst
2023-01-03 00:00:00+00:00,6.0208306,97.64584,29.94,NOAA_ERDDAP,sst
2023-01-03 00:00:00+00:00,6.0208306,97.72917,29.635,NOAA_ERDDAP,sst
2023-01-03 00:00:00+00:00,6.0208306,97.81251,29.98,NOAA_ERDDAP,sst
2023-01-03 00:00:00+00:00,6.0208306,97.89584,28.705,NOAA_ERDDAP,sst
2023-01-03 00:00:00+00:00,6.0208306,97.97917,28.79,NOAA_ERDDAP,sst
2023-01-03 00:00:00+00:00,6.0208306,98.06251,29.06,NOAA_ERDDAP,sst
2023-01-03 00:00:00+00:00,6.0208306,98.14584,29.275,NOAA_ERDDAP,sst
2023-01-03 00:00:00+00:00,6.0208306,98.22917,29.66,NOAA_ERDDAP,sst
2023-01-03 00:00:00+00:00,6.0208306,98.31251,29.59,NOAA_ERDDAP,sst
2023-01-03 00:00:00+00:00,6.0208306,98.39584,29.51,NOAA_ERDDAP,sst
2023-01-03 00:00:00+00:00,6.0208306,98.47917,29.63,NOAA_ERDDAP,sst
2023-01-03 00:00:00+00:00,6.0208306,98.56251,29.78,NOAA_ERDDAP,sst
2023-01-03 00:00:00+00:00,6.0208306,98.64584,29.845,NOAA_ERDDAP,sst
2023-01-03 00:00:00+00:00,6.0208306,98.72917,29.705,NOAA_ERDDAP,sst
2023-01-03 00:00:00+00:00,6.0208306,98.81251,29.68,NOAA_ERDDAP,sst
2023-01-03 00:00:00+00:00,6.0208306,98.89584,29.84,NOAA_ERDDAP,sst
2023-01-03 00:00:00+00:00,6.0208306,98.97917,29.95,NOAA_ERDDAP,sst
2023-01-03 00:00:00+00:00,6.0208306,99.06251,30.355,NOAA_ERDDAP,sst
2023-01-03 00:00:00+00:00,6.0208306,99.14584,30.745,NOAA_ERDDAP,sst
2023-01-03 00:00:00+00:00,6.0208306,99.22917,31.05,NOAA_ERDDAP,sst
2023-01-03 00:00:00+00:00,6.0208306,99.31251,31.195,NOAA_ERDDAP,sst
2023-01-03 00:00:00+00:00,6.0208306,99.39584,30.07,NOAA_ERDDAP,sst
2023-01-03 00:00:00+00:00,6.0208306,99.47917,30.52,NOAA_ERDDAP,sst
2023-01-03 00:00:00+00:00,6.0208306,99.56251,29.825,NOAA_ERDDAP,sst
2023-01-03 00:00:00+00:00,6.0208306,99.64584,29.76,NOAA_ERDDAP,sst
2023-01-03 00:00:00+00:00,6.0208306,99.72917,29.885,NOAA_ERDDAP,sst
2023-01-03 00:00:00+00:00,6.0208306,99.81251,29.925,NOAA_ERDDAP,sst
2023-01-03 00:00:00+00:00,6.0208306,99.89584,29.91,NOAA_ERDDAP,sst
2023-01-03 00:00:00+00:00,6.0208306,99.97917,29.92,NOAA_ERDDAP,sst
2023-01-03 00:00:00+00:00,6.0208306,100.06251,29.925,NOAA_ERDDAP,sst
2023-01-03 00:00:00+00:00,6.0208306,100.14584,29.725,NOAA_ERDDAP,sst
2023-01-03 00:00:00+00:00,6.0208306,100.22917,29.7,NOAA_ERDDAP,sst
2023-01-03 00:00:00+00:00,6.0208306,101.39584,28.74,NOAA_ERDDAP,sst
2023-01-03 00:00:00+00:00,6.0208306,102.97917,28.255,NOAA_ERDDAP,sst
2023-01-03 00:00:00+00:00,6.0208306,103.56251,27.76,NOAA_ERDDAP,sst
2023-01-03 00:00:00+00:00,6.0208306,105.22917,26.475,NOAA_ERDDAP,sst
2023-01-03 00:00:00+00:00,6.0208306,105.31251,26.305,NOAA_ERDDAP,sst
2023-01-03 00:00:00+00:00,6.0208306,105.81251,26.295,NOAA_ERDDAP,sst
2023-01-03 00:00:00+00:00,6.0208306,106.31251,26.55,NOAA_ERDDAP,sst
2023-01-03 00:00:00+00:00,6.0208306,110.64584,27.59,NOAA_ERDDAP,sst
2023-01-03 00:00:00+00:00,6.0208306,110.72917,27.93,NOAA_ERDDAP,sst
2023-01-03 00:00:00+00:00,6.0208306,112.81251,28.675,NOAA_ERDDAP,sst
2023-01-03 00:00:00+00:00,6.0208306,112.89584,28.895,NOAA_ERDDAP,sst
2023-01-03 00:00:00+00:00,6.0208306,112.97917,29.3,NOAA_ERDDAP,sst
2023-01-03 00:00:00+00:00,6.0208306,113.06251,29.645,NOAA_ERDDAP,sst
2023-01-03 00:00:00+00:00,6.0208306,113.14584,29.165,NOAA_ERDDAP,sst
2023-01-03 00:00:00+00:00,6.0208306,113.22917,29.975,NOAA_ERDDAP,sst
2023-01-03 00:00:00+00:00,6.0208306,113.31251,29.17,NOAA_ERDDAP,sst
2023-01-03 00:00:00+00:00,6.0208306,113.39584,29.41,NOAA_ERDDAP,sst
2023-01-03 00:00:00+00:00,6.0208306,113.47917,30.3,NOAA_ERDDAP,sst
2023-01-03 00:00:00+00:00,6.0208306,113.56251,30.735,NOAA_ERDDAP,sst
2023-01-03 00:00:00+00:00,6.0208306,113.64584,30.515,NOAA_ERDDAP,sst
2023-01-03 00:00:00+00:00,6.0208306,113.72917,30.29,NOAA_ERDDAP,sst
2023-01-03 00:00:00+00:00,6.0208306,113.81251,29.925,NOAA_ERDDAP,sst
2023-01-03 00:00:00+00:00,6.0208306,113.89584,30.17,NOAA_ERDDAP,sst
2023-01-03 00:00:00+00:00,6.0208306,113.97917,29.975,NOAA_ERDDAP,sst
2023-01-03 00:00:00+00:00,6.0208306,114.06251,29.81,NOAA_ERDDAP,sst
2023-01-03 00:00:00+00:00,6.0208306,114.64584,29.7,NOAA_ERDDAP,sst
2023-01-03 00:00:00+00:00,6.0208306,117.89584,27.805,NOAA_ERDDAP,sst
2023-01-03 00:00:00+00:00,6.0208306,119.31251,27.715,NOAA_ERDDAP,sst
2023-01-03 00:00:00+00:00,6.0208306,119.64584,27.945,NOAA_ERDDAP,sst
2023-01-03 00:00:00+00:00,6.0208306,119.81251,28.375,NOAA_ERDDAP,sst
2023-01-03 00:00:00+00:00,6.0208306,119.89584,28.19,NOAA_ERDDAP,sst
2023-01-03 00:00:00+00:00,6.0208306,119.97918,28.29,NOAA_ERDDAP,sst
2023-01-03 00:00:00+00:00,6.0208306,120.06251,27.94,NOAA_ERDDAP,sst
2023-01-03 00:00:00+00:00,6.0208306,120.14584,28.16,NOAA_ERDDAP,sst
2023-01-03 00:00:00+00:00,6.0208306,120.22918,27.78,NOAA_ERDDAP,sst
2023-01-03 00:00:00+00:00,6.0208306,120.47918,27.965,NOAA_ERDDAP,sst
2023-01-03 00:00:00+00:00,6.0208306,120.56251,28.78,NOAA_ERDDAP,sst
2023-01-03 00:00:00+00:00,6.0208306,120.64584,28.95,NOAA_ERDDAP,sst
2023-01-03 00:00:00+00:00,6.0208306,120.72918,28.865,NOAA_ERDDAP,sst
2023-01-03 00:00:00+00:00,6.0208306,120.81251,29.145,NOAA_ERDDAP,sst
2023-01-03 00:00:00+00:00,6.0208306,120.89584,28.105,NOAA_ERDDAP,sst
2023-01-03 00:00:00+00:00,6.0208306,120.97918,28.47,NOAA_ERDDAP,sst
2023-01-03 00:00:00+00:00,6.0208306,121.14584,28.24,NOAA_ERDDAP,sst
2023-01-03 00:00:00+00:00,6.0208306,121.22918,28.76,NOAA_ERDDAP,sst
2023-01-03 00:00:00+00:00,6.0208306,121.31251,28.535,NOAA_ERDDAP,sst
2023-01-03 00:00:00+00:00,6.0208306,121.39584,28.445,NOAA_ERDDAP,sst
2023-01-03 00:00:00+00:00,6.0208306,121.47918,28.58,NOAA_ERDDAP,sst
2023-01-03 00:00:00+00:00,6.0208306,121.56251,28.37,NOAA_ERDDAP,sst
2023-01-03 00:00:00+00:00,6.0208306,121.64584,28.69,NOAA_ERDDAP,sst
2023-01-03 00:00:00+00:00,6.0208306,121.72918,29.285,NOAA_ERDDAP,sst
2023-01-03 00:00:00+00:00,6.0208306,121.81251,29.185,NOAA_ERDDAP,sst
2023-01-03 00:00:00+00:00,6.0208306,121.89584,29.72,NOAA_ERDDAP,sst
2023-01-03 00:00:00+00:00,6.0208306,121.97918,29.38,NOAA_ERDDAP,sst
2023-01-03 00:00:00+00:00,6.0208306,122.06251,29.855,NOAA_ERDDAP,sst
2023-01-03 00:00:00+00:00,6.0208306,122.14584,29.51,NOAA_ERDDAP,sst
2023-01-03 00:00:00+00:00,6.0208306,122.22918,29.355,NOAA_ERDDAP,sst
2023-01-03 00:00:00+00:00,6.0208306,122.31251,29.12,NOAA_ERDDAP,sst
2023-01-03 00:00:00+00:00,6.0208306,122.39584,29.22,NOAA_ERDDAP,sst
2023-01-03 00:00:00+00:00,6.0208306,122.47918,29.14,NOAA_ERDDAP,sst
2023-01-03 00:00:00+00:00,6.0208306,122.56251,28.985,NOAA_ERDDAP,sst
2023-01-03 00:00:00+00:00,6.0208306,122.64584,28.555,NOAA_ERDDAP,sst
2023-01-03 00:00:00+00:00,6.0208306,122.72918,28.975,NOAA_ERDDAP,sst
2023-01-03 00:00:00+00:00,6.0208306,122.81251,29.26,NOAA_ERDDAP,sst
2023-01-03 00:00:00+00:00,6.0208306,122.89584,29.245,NOAA_ERDDAP,sst
2023-01-03 00:00:00+00:00,6.0208306,122.97918,28.93,NOAA_ERDDAP,sst
2023-01-03 00:00:00+00:00,6.0208306,123.06251,28.99,NOAA_ERDDAP,sst
2023-01-03 00:00:00+00:00,6.0208306,123.14584,28.88,NOAA_ERDDAP,sst
2023-01-03 00:00:00+00:00,6.0208306,123.22918,28.815,NOAA_ERDDAP,sst
2023-01-03 00:00:00+00:00,6.0208306,123.31251,27.985,NOAA_ERDDAP,sst
2023-01-03 00:00:00+00:00,6.0208306,123.39584,29.48,NOAA_ERDDAP,sst
2023-01-03 00:00:00+00:00,6.0208306,123.47918,29.245,NOAA_ERDDAP,sst
2023-01-03 00:00:00+00:00,6.0208306,123.56251,29.29,NOAA_ERDDAP,sst
2023-01-03 00:00:00+00:00,6.0208306,123.64584,28.94,NOAA_ERDDAP,sst
2023-01-03 00:00:00+00:00,6.0208306,123.72918,29.22,NOAA_ERDDAP,sst
2023-01-03 00:00:00+00:00,6.0208306,123.81251,29.33,NOAA_ERDDAP,sst
2023-01-03 00:00:00+00:00,6.0208306,124.06251,28.905,NOAA_ERDDAP,sst
2023-01-03 00:00:00+00:00,6.0208306,124.14584,30.36,NOAA_ERDDAP,sst
2023-01-03 00:00:00+00:00,6.0208306,124.22918,30.62,NOAA_ERDDAP,sst
2023-01-03 00:00:00+00:00,6.0208306,124.31251,30.545,NOAA_ERDDAP,sst
2023-01-03 00:00:00+00:00,6.0208306,124.39584,30.24,NOAA_ERDDAP,sst
2023-01-03 00:00:00+00:00,6.0208306,124.47918,30.175,NOAA_ERDDAP,sst
2023-01-03 00:00:00+00:00,6.0208306,124.56251,30.37,NOAA_ERDDAP,sst
2023-01-03 00:00:00+00:00,6.0208306,125.22918,29.765,NOAA_ERDDAP,sst
2023-01-03 00:00:00+00:00,6.0208306,125.81251,29.62,NOAA_ERDDAP,sst
2023-01-03 00:00:00+00:00,6.0208306,125.89584,29.765,NOAA_ERDDAP,sst
2023-01-03 00:00:00+00:00,6.0208306,125.97918,30.01,NOAA_ERDDAP,sst
2023-01-03 00:00:00+00:00,6.0208306,126.06251,30.22,NOAA_ERDDAP,sst
2023-01-03 00:00:00+00:00,6.0208306,126.14584,30.465,NOAA_ERDDAP,sst
2023-01-03 00:00:00+00:00,6.0208306,126.22918,30.96,NOAA_ERDDAP,sst
2023-01-03 00:00:00+00:00,6.0208306,126.31251,30.905,NOAA_ERDDAP,sst
2023-01-03 00:00:00+00:00,6.0208306,126.39584,30.56,NOAA_ERDDAP,sst
2023-01-03 00:00:00+00:00,6.0208306,126.47918,30.37,NOAA_ERDDAP,sst
2023-01-03 00:00:00+00:00,6.0208306,126.56251,30.215,NOAA_ERDDAP,sst
2023-01-03 00:00:00+00:00,6.0208306,126.64584,30.055,NOAA_ERDDAP,sst
2023-01-03 00:00:00+00:00,6.0208306,126.72918,29.975,NOAA_ERDDAP,sst
2023-01-03 00:00:00+00:00,6.0208306,126.81251,30.055,NOAA_ERDDAP,sst
2023-01-03 00:00:00+00:00,6.0208306,126.89584,29.735,NOAA_ERDDAP,sst
2023-01-03 00:00:00+00:00,6.0208306,126.97918,29.715,NOAA_ERDDAP,sst
2023-01-03 00:00:00+00:00,6.0208306,127.06251,29.8,NOAA_ERDDAP,sst
2023-01-03 00:00:00+00:00,6.0208306,127.14584,30.015,NOAA_ERDDAP,sst
2023-01-03 00:00:00+00:00,6.0208306,127.22918,30.1,NOAA_ERDDAP,sst
2023-01-03 00:00:00+00:00,6.0208306,127.31251,30.02,NOAA_ERDDAP,sst
2023-01-03 00:00:00+00:00,6.0208306,127.39584,29.725,NOAA_ERDDAP,sst
2023-01-03 00:00:00+00:00,6.0208306,127.47918,30.205,NOAA_ERDDAP,sst
2023-01-03 00:00:00+00:00,6.0208306,127.56251,29.96,NOAA_ERDDAP,sst
2023-01-03 00:00:00+00:00,6.0208306,127.64584,30.39,NOAA_ERDDAP,sst
2023-01-03 00:00:00+00:00,6.0208306,127.72918,30.345,NOAA_ERDDAP,sst
2023-01-03 00:00:00+00:00,6.0208306,127.81251,29.61,NOAA_ERDDAP,sst
2023-01-03 00:00:00+00:00,6.0208306,127.89584,29.585,NOAA_ERDDAP,sst
2023-01-03 00:00:00+00:00,6.0208306,127.97918,29.095,NOAA_ERDDAP,sst
2023-01-03 00:00:00+00:00,6.0208306,128.06252,28.995,NOAA_ERDDAP,sst
2023-01-03 00:00:00+00:00,6.0208306,128.14584,28.715,NOAA_ERDDAP,sst
2023-01-03 00:00:00+00:00,6.0208306,128.22917,29.35,NOAA_ERDDAP,sst
2023-01-03 00:00:00+00:00,6.0208306,128.31252,28.58,NOAA_ERDDAP,sst
2023-01-03 00:00:00+00:00,6.0208306,128.39584,28.635,NOAA_ERDDAP,sst
2023-01-03 00:00:00+00:00,6.0208306,128.47917,28.96,NOAA_ERDDAP,sst
2023-01-03 00:00:00+00:00,6.0208306,128.56252,30.33,NOAA_ERDDAP,sst
2023-01-03 00:00:00+00:00,6.0208306,128.64584,30.57,NOAA_ERDDAP,sst
2023-01-03 00:00:00+00:00,6.0208306,128.72917,30.49,NOAA_ERDDAP,sst
2023-01-03 00:00:00+00:00,6.0208306,128.81252,30.375,NOAA_ERDDAP,sst
2023-01-03 00:00:00+00:00,6.0208306,128.89584,29.545,NOAA_ERDDAP,sst
2023-01-03 00:00:00+00:00,6.0208306,128.97917,29.61,NOAA_ERDDAP,sst
2023-01-03 00:00:00+00:00,6.0208306,129.06252,29.315,NOAA_ERDDAP,sst
2023-01-03 00:00:00+00:00,6.0208306,129.14584,28.98,NOAA_ERDDAP,sst
2023-01-03 00:00:00+00:00,6.0208306,129.22917,29.275,NOAA_ERDDAP,sst
2023-01-03 00:00:00+00:00,6.0208306,129.31252,29.425,NOAA_ERDDAP,sst
2023-01-03 00:00:00+00:00,6.0208306,129.39584,29.145,NOAA_ERDDAP,sst
2023-01-03 00:00:00+00:00,6.0208306,129.47917,29.085,NOAA_ERDDAP,sst
2023-01-03 00:00:00+00:00,6.0208306,129.56252,29.03,NOAA_ERDDAP,sst
2023-01-03 00:00:00+00:00,6.0208306,129.64584,29.945,NOAA_ERDDAP,sst
2023-01-03 00:00:00+00:00,6.0208306,129.72917,29.63,NOAA_ERDDAP,sst
2023-01-03 00:00:00+00:00,6.0208306,129.81252,29.385,NOAA_ERDDAP,sst
2023-01-03 00:00:00+00:00,6.0208306,129.89584,28.86,NOAA_ERDDAP,sst
2023-01-03 00:00:00+00:00,6.0208306,129.97917,29.485,NOAA_ERDDAP,sst
2023-01-03 00:00:00+00:00,6.0208306,130.06252,29.31,NOAA_ERDDAP,sst
2023-01-03 00:00:00+00:00,6.0208306,130.14584,29.23,NOAA_ERDDAP,sst
2023-01-03 00:00:00+00:00,6.0208306,130.22917,29.015,NOAA_ERDDAP,sst
2023-01-03 00:00:00+00:00,6.0208306,130.31252,29.07,NOAA_ERDDAP,sst
2023-01-03 00:00:00+00:00,6.0208306,130.39584,29.76,NOAA_ERDDAP,sst
2023-01-03 00:00:00+00:00,6.0208306,130.47917,30.475,NOAA_ERDDAP,sst
2023-01-03 00:00:00+00:00,6.0208306,130.56252,30.33,NOAA_ERDDAP,sst
2023-01-03 00:00:00+00:00,6.0208306,130.64584,29.98,NOAA_ERDDAP,sst
2023-01-03 00:00:00+00:00,6.0208306,130.72917,29.515,NOAA_ERDDAP,sst
2023-01-03 00:00:00+00:00,6.0208306,130.81252,29.555,NOAA_ERDDAP,sst
2023-01-03 00:00:00+00:00,6.0208306,130.89584,29.8,NOAA_ERDDAP,sst
2023-01-03 00:00:00+00:00,6.0208306,130.97917,29.86,NOAA_ERDDAP,sst
2023-01-03 00:00:00+00:00,6.0208306,131.06252,29.795,NOAA_ERDDAP,sst
2023-01-03 00:00:00+00:00,6.0208306,131.14584,29.535,NOAA_ERDDAP,sst
2023-01-03 00:00:00+00:00,6.0208306,131.22917,29.395,NOAA_ERDDAP,sst
2023-01-03 00:00:00+00:00,6.0208306,131.31252,29.55,NOAA_ERDDAP,sst
2023-01-03 00:00:00+00:00,6.0208306,131.72917,29.025,NOAA_ERDDAP,sst
2023-01-03 00:00:00+00:00,6.0208306,131.89584,29.97,NOAA_ERDDAP,sst
2023-01-03 00:00:00+00:00,6.0208306,131.97917,29.545,NOAA_ERDDAP,sst
2023-01-03 00:00:00+00:00,6.0208306,132.06252,29.995,NOAA_ERDDAP,sst
2023-01-03 00:00:00+00:00,6.0208306,132.14584,29.88,NOAA_ERDDAP,sst
2023-01-03 00:00:00+00:00,6.0208306,132.22917,29.8,NOAA_ERDDAP,sst
2023-01-03 00:00:00+00:00,6.0208306,132.31252,29.8,NOAA_ERDDAP,sst
2023-01-03 00:00:00+00:00,6.0208306,132.39584,29.745,NOAA_ERDDAP,sst
2023-01-03 00:00:00+00:00,6.0208306,132.47917,29.75,NOAA_ERDDAP,sst
2023-01-03 00:00:00+00:00,6.0208306,132.56252,29.925,NOAA_ERDDAP,sst
2023-01-03 00:00:00+00:00,6.0208306,132.64584,30.055,NOAA_ERDDAP,sst
2023-01-03 00:00:00+00:00,6.0208306,132.72917,29.91,NOAA_ERDDAP,sst
2023-01-03 00:00:00+00:00,6.0208306,132.81252,29.9,NOAA_ERDDAP,sst
2023-01-03 00:00:00+00:00,6.0208306,132.89584,30.055,NOAA_ERDDAP,sst
2023-01-03 00:00:00+00:00,6.0208306,132.97917,30.245,NOAA_ERDDAP,sst
2023-01-03 00:00:00+00:00,6.0208306,133.06252,30.205,NOAA_ERDDAP,sst
2023-01-03 00:00:00+00:00,6.0208306,133.14584,29.925,NOAA_ERDDAP,sst
2023-01-03 00:00:00+00:00,6.0208306,133.22917,29.995,NOAA_ERDDAP,sst
2023-01-03 00:00:00+00:00,6.0208306,133.31252,30.15,NOAA_ERDDAP,sst
2023-01-03 00:00:00+00:00,6.0208306,133.39584,30.115,NOAA_ERDDAP,sst
2023-01-03 00:00:00+00:00,6.0208306,133.47917,29.885,NOAA_ERDDAP,sst
2023-01-03 00:00:00+00:00,6.0208306,133.56252,29.78,NOAA_ERDDAP,sst
2023-01-03 00:00:00+00:00,6.0208306,133.64584,29.825,NOAA_ERDDAP,sst
2023-01-03 00:00:00+00:00,6.0208306,133.72917,29.775,NOAA_ERDDAP,sst
2023-01-03 00:00:00+00:00,6.0208306,133.81252,29.185,NOAA_ERDDAP,sst
2023-01-03 00:00:00+00:00,6.0208306,133.89584,29.675,NOAA_ERDDAP,sst
2023-01-03 00:00:00+00:00,6.0208306,133.97917,29.95,NOAA_ERDDAP,sst
2023-01-03 00:00:00+00:00,6.0208306,134.06252,29.655,NOAA_ERDDAP,sst
2023-01-03 00:00:00+00:00,6.0208306,134.14584,29.44,NOAA_ERDDAP,sst
2023-01-03 00:00:00+00:00,6.0208306,134.22917,29.97,NOAA_ERDDAP,sst
2023-01-03 00:00:00+00:00,6.0208306,134.31252,29.23,NOAA_ERDDAP,sst
2023-01-03 00:00:00+00:00,6.0208306,134.39584,29.945,NOAA_ERDDAP,sst
2023-01-03 00:00:00+00:00,6.0208306,134.47917,30.13,NOAA_ERDDAP,sst
2023-01-03 00:00:00+00:00,6.0208306,134.56252,29.67,NOAA_ERDDAP,sst
2023-01-03 00:00:00+00:00,6.0208306,134.64584,29.8,NOAA_ERDDAP,sst
2023-01-03 00:00:00+00:00,6.0208306,134.72917,29.485,NOAA_ERDDAP,sst
2023-01-03 00:00:00+00:00,6.0208306,134.81252,29.79,NOAA_ERDDAP,sst
2023-01-03 00:00:00+00:00,6.0208306,134.89584,29.59,NOAA_ERDDAP,sst
2023-01-03 00:00:00+00:00,6.0208306,134.97917,29.79,NOAA_ERDDAP,sst
2023-01-03 00:00:00+00:00,6.0208306,135.06252,29.56,NOAA_ERDDAP,sst
2023-01-03 00:00:00+00:00,6.0208306,135.14584,29.615,NOAA_ERDDAP,sst
2023-01-03 00:00:00+00:00,6.0208306,135.22917,29.59,NOAA_ERDDAP,sst
2023-01-03 00:00:00+00:00,6.0208306,135.31252,30.02,NOAA_ERDDAP,sst
2023-01-03 00:00:00+00:00,6.0208306,135.39584,29.995,NOAA_ERDDAP,sst
2023-01-03 00:00:00+00:00,6.0208306,135.47917,30.075,NOAA_ERDDAP,sst
2023-01-03 00:00:00+00:00,6.0208306,135.56252,30.01,NOAA_ERDDAP,sst
2023-01-03 00:00:00+00:00,6.0208306,135.64584,29.96,NOAA_ERDDAP,sst
2023-01-03 00:00:00+00:00,6.0208306,135.72917,29.83,NOAA_ERDDAP,sst
2023-01-03 00:00:00+00:00,6.0208306,135.81252,30.135,NOAA_ERDDAP,sst
2023-01-03 00:00:00+00:00,6.0208306,135.89584,30.05,NOAA_ERDDAP,sst
2023-01-03 00:00:00+00:00,6.0208306,135.97917,29.595,NOAA_ERDDAP,sst
2023-01-03 00:00:00+00:00,6.0208306,136.06252,29.785,NOAA_ERDDAP,sst
2023-01-03 00:00:00+00:00,6.0208306,136.14584,29.68,NOAA_ERDDAP,sst
2023-01-03 00:00:00+00:00,6.0208306,136.22917,29.83,NOAA_ERDDAP,sst
2023-01-03 00:00:00+00:00,6.0208306,136.31252,29.53,NOAA_ERDDAP,sst
2023-01-03 00:00:00+00:00,6.0208306,136.39584,29.32,NOAA_ERDDAP,sst
2023-01-03 00:00:00+00:00,6.0208306,136.47917,29.52,NOAA_ERDDAP,sst
2023-01-03 00:00:00+00:00,6.0208306,136.56252,29.66,NOAA_ERDDAP,sst
2023-01-03 00:00:00+00:00,6.0208306,136.64584,29.825,NOAA_ERDDAP,sst
2023-01-03 00:00:00+00:00,6.0208306,136.72917,30.08,NOAA_ERDDAP,sst
2023-01-03 00:00:00+00:00,6.0208306,136.81252,30.08,NOAA_ERDDAP,sst
2023-01-03 00:00:00+00:00,6.0208306,136.89584,30.38,NOAA_ERDDAP,sst
2023-01-03 00:00:00+00:00,6.0208306,136.97917,30.435,NOAA_ERDDAP,sst
2023-01-03 00:00:00+00:00,6.0208306,137.06252,30.02,NOAA_ERDDAP,sst
2023-01-03 00:00:00+00:00,6.0208306,137.14584,30.11,NOAA_ERDDAP,sst
2023-01-03 00:00:00+00:00,6.0208306,137.22917,29.915,NOAA_ERDDAP,sst
2023-01-03 00:00:00+00:00,6.0208306,137.31252,30.22,NOAA_ERDDAP,sst
2023-01-03 00:00:00+00:00,6.0208306,137.39584,30.115,NOAA_ERDDAP,sst
2023-01-03 00:00:00+00:00,6.0208306,137.47917,29.79,NOAA_ERDDAP,sst
2023-01-03 00:00:00+00:00,6.0208306,137.56252,30.135,NOAA_ERDDAP,sst
2023-01-03 00:00:00+00:00,6.0208306,137.64584,29.985,NOAA_ERDDAP,sst
2023-01-03 00:00:00+00:00,6.0208306,137.72917,29.81,NOAA_ERDDAP,sst
2023-01-03 00:00:00+00:00,6.0208306,137.81252,29.565,NOAA_ERDDAP,sst
2023-01-03 00:00:00+00:00,6.0208306,137.89584,29.71,NOAA_ERDDAP,sst
2023-01-03 00:00:00+00:00,6.0208306,137.97917,29.075,NOAA_ERDDAP,sst
2023-01-03 00:00:00+00:00,6.0208306,138.06252,29.525,NOAA_ERDDAP,sst
2023-01-03 00:00:00+00:00,6.0208306,138.14584,29.865,NOAA_ERDDAP,sst
2023-01-03 00:00:00+00:00,6.0208306,138.22917,30.59,NOAA_ERDDAP,sst
2023-01-03 00:00:00+00:00,6.0208306,138.31252,30.44,NOAA_ERDDAP,sst
2023-01-03 00:00:00+00:00,6.0208306,138.39584,30.065,NOAA_ERDDAP,sst
2023-01-03 00:00:00+00:00,6.0208306,138.47917,30.34,NOAA_ERDDAP,sst
2023-01-03 00:00:00+00:00,6.0208306,138.56252,29.97,NOAA_ERDDAP,sst
2023-01-03 00:00:00+00:00,6.0208306,138.64584,30.43,NOAA_ERDDAP,sst
2023-01-03 00:00:00+00:00,6.0208306,138.72917,29.955,NOAA_ERDDAP,sst
2023-01-03 00:00:00+00:00,6.0208306,138.81252,29.75,NOAA_ERDDAP,sst
2023-01-03 00:00:00+00:00,6.0208306,138.89584,29.97,NOAA_ERDDAP,sst
2023-01-03 00:00:00+00:00,6.0208306,138.97917,30.05,NOAA_ERDDAP,sst
2023-01-03 00:00:00+00:00,6.0208306,139.06252,29.835,NOAA_ERDDAP,sst
2023-01-03 00:00:00+00:00,6.0208306,139.14584,29.905,NOAA_ERDDAP,sst
2023-01-03 00:00:00+00:00,6.0208306,139.22917,29.71,NOAA_ERDDAP,sst
2023-01-03 00:00:00+00:00,6.0208306,139.31252,29.515,NOAA_ERDDAP,sst
2023-01-03 00:00:00+00:00,6.0208306,139.39584,29.575,NOAA_ERDDAP,sst
2023-01-03 00:00:00+00:00,6.0208306,139.47917,29.645,NOAA_ERDDAP,sst
2023-01-03 00:00:00+00:00,6.0208306,139.56252,29.295,NOAA_ERDDAP,sst
2023-01-03 00:00:00+00:00,6.0208306,139.64584,29.53,NOAA_ERDDAP,sst
2023-01-03 00:00:00+00:00,6.0208306,139.72917,29.43,NOAA_ERDDAP,sst
2023-01-03 00:00:00+00:00,6.0208306,139.81252,29.61,NOAA_ERDDAP,sst
2023-01-03 00:00:00+00:00,6.0208306,139.89584,29.585,NOAA_ERDDAP,sst
2023-01-03 00:00:00+00:00,6.0208306,139.97917,29.66,NOAA_ERDDAP,sst
2023-01-03 00:00:00+00:00,6.0208306,140.06252,29.555,NOAA_ERDDAP,sst
2023-01-03 00:00:00+00:00,6.0208306,140.14584,29.635,NOAA_ERDDAP,sst
2023-01-03 00:00:00+00:00,6.0208306,140.22917,29.58,NOAA_ERDDAP,sst
2023-01-03 00:00:00+00:00,6.0208306,140.31252,29.76,NOAA_ERDDAP,sst
2023-01-03 00:00:00+00:00,6.0208306,140.39584,29.73,NOAA_ERDDAP,sst
2023-01-03 00:00:00+00:00,6.0208306,140.47917,29.995,NOAA_ERDDAP,sst
2023-01-03 00:00:00+00:00,6.0208306,140.56252,29.785,NOAA_ERDDAP,sst
2023-01-03 00:00:00+00:00,6.0208306,140.64584,29.63,NOAA_ERDDAP,sst
2023-01-03 00:00:00+00:00,6.0208306,140.72917,29.77,NOAA_ERDDAP,sst
2023-01-03 00:00:00+00:00,6.0208306,140.81252,29.98,NOAA_ERDDAP,sst
2023-01-03 00:00:00+00:00,6.0208306,140.89584,30.115,NOAA_ERDDAP,sst
2023-01-03 00:00:00+00:00,6.0208306,140.97917,30.09,NOAA_ERDDAP,sst
2023-01-03 00:00:00+00:00,5.9374976,94.97917,28.89,NOAA_ERDDAP,sst
2023-01-03 00:00:00+00:00,5.9374976,95.06251,28.825,NOAA_ERDDAP,sst
2023-01-03 00:00:00+00:00,5.9374976,95.14584,28.755,NOAA_ERDDAP,sst
2023-01-03 00:00:00+00:00,5.9374976,95.22917,28.77,NOAA_ERDDAP,sst
2023-01-03 00:00:00+00:00,5.9374976,95.31251,29.185,NOAA_ERDDAP,sst
2023-01-03 00:00:00+00:00,5.9374976,95.39584,29.4,NOAA_ERDDAP,sst
2023-01-03 00:00:00+00:00,5.9374976,95.47917,29.28,NOAA_ERDDAP,sst
2023-01-03 00:00:00+00:00,5.9374976,95.56251,28.92,NOAA_ERDDAP,sst
2023-01-03 00:00:00+00:00,5.9374976,95.64584,28.89,NOAA_ERDDAP,sst
2023-01-03 00:00:00+00:00,5.9374976,95.72917,29.015,NOAA_ERDDAP,sst
2023-01-03 00:00:00+00:00,5.9374976,95.81251,29.09,NOAA_ERDDAP,sst
2023-01-03 00:00:00+00:00,5.9374976,95.89584,28.935,NOAA_ERDDAP,sst
2023-01-03 00:00:00+00:00,5.9374976,95.97917,28.93,NOAA_ERDDAP,sst
2023-01-03 00:00:00+00:00,5.9374976,96.06251,28.965,NOAA_ERDDAP,sst
2023-01-03 00:00:00+00:00,5.9374976,96.14584,28.915,NOAA_ERDDAP,sst
2023-01-03 00:00:00+00:00,5.9374976,96.22917,28.905,NOAA_ERDDAP,sst
2023-01-03 00:00:00+00:00,5.9374976,96.31251,28.41,NOAA_ERDDAP,sst
2023-01-03 00:00:00+00:00,5.9374976,96.64584,28.14,NOAA_ERDDAP,sst
2023-01-03 00:00:00+00:00,5.9374976,96.72917,28.845,NOAA_ERDDAP,sst
2023-01-03 00:00:00+00:00,5.9374976,96.81251,28.91,NOAA_ERDDAP,sst
2023-01-03 00:00:00+00:00,5.9374976,96.89584,29.32,NOAA_ERDDAP,sst
2023-01-03 00:00:00+00:00,5.9374976,96.97917,29.42,NOAA_ERDDAP,sst
2023-01-03 00:00:00+00:00,5.9374976,97.06251,29.44,NOAA_ERDDAP,sst
2023-01-03 00:00:00+00:00,5.9374976,97.14584,29.385,NOAA_ERDDAP,sst
2023-01-03 00:00:00+00:00,5.9374976,97.22917,29.485,NOAA_ERDDAP,sst
2023-01-03 00:00:00+00:00,5.9374976,97.31251,29.715,NOAA_ERDDAP,sst
2023-01-03 00:00:00+00:00,5.9374976,97.39584,29.925,NOAA_ERDDAP,sst
2023-01-03 00:00:00+00:00,5.9374976,97.47917,29.975,NOAA_ERDDAP,sst
2023-01-03 00:00:00+00:00,5.9374976,97.56251,29.885,NOAA_ERDDAP,sst
2023-01-03 00:00:00+00:00,5.9374976,97.64584,29.9,NOAA_ERDDAP,sst
2023-01-03 00:00:00+00:00,5.9374976,97.72917,29.795,NOAA_ERDDAP,sst
2023-01-03 00:00:00+00:00,5.9374976,97.81251,29.355,NOAA_ERDDAP,sst
2023-01-03 00:00:00+00:00,5.9374976,97.89584,28.78,NOAA_ERDDAP,sst
2023-01-03 00:00:00+00:00,5.9374976,97.97917,29.01,NOAA_ERDDAP,sst
2023-01-03 00:00:00+00:00,5.9374976,98.06251,29.155,NOAA_ERDDAP,sst
2023-01-03 00:00:00+00:00,5.9374976,98.14584,29.665,NOAA_ERDDAP,sst
2023-01-03 00:00:00+00:00,5.9374976,98.22917,29.83,NOAA_ERDDAP,sst
2023-01-03 00:00:00+00:00,5.9374976,98.31251,29.69,NOAA_ERDDAP,sst
2023-01-03 00:00:00+00:00,5.9374976,98.39584,29.7,NOAA_ERDDAP,sst
2023-01-03 00:00:00+00:00,5.9374976,98.47917,29.63,NOAA_ERDDAP,sst
2023-01-03 00:00:00+00:00,5.9374976,98.56251,29.7,NOAA_ERDDAP,sst
2023-01-03 00:00:00+00:00,5.9374976,98.64584,29.88,NOAA_ERDDAP,sst
2023-01-03 00:00:00+00:00,5.9374976,98.72917,29.915,NOAA_ERDDAP,sst
2023-01-03 00:00:00+00:00,5.9374976,98.81251,29.945,NOAA_ERDDAP,sst
2023-01-03 00:00:00+00:00,5.9374976,98.89584,29.995,NOAA_ERDDAP,sst
2023-01-03 00:00:00+00:00,5.9374976,98.97917,30.385,NOAA_ERDDAP,sst
2023-01-03 00:00:00+00:00,5.9374976,99.06251,30.33,NOAA_ERDDAP,sst
2023-01-03 00:00:00+00:00,5.9374976,99.14584,30.73,NOAA_ERDDAP,sst
2023-01-03 00:00:00+00:00,5.9374976,99.22917,30.47,NOAA_ERDDAP,sst
2023-01-03 00:00:00+00:00,5.9374976,99.31251,30.245,NOAA_ERDDAP,sst
2023-01-03 00:00:00+00:00,5.9374976,99.39584,30.43,NOAA_ERDDAP,sst
2023-01-03 00:00:00+00:00,5.9374976,99.47917,30.245,NOAA_ERDDAP,sst
2023-01-03 00:00:00+00:00,5.9374976,99.56251,29.785,NOAA_ERDDAP,sst
2023-01-03 00:00:00+00:00,5.9374976,99.64584,29.765,NOAA_ERDDAP,sst
2023-01-03 00:00:00+00:00,5.9374976,99.72917,29.76,NOAA_ERDDAP,sst
2023-01-03 00:00:00+00:00,5.9374976,99.81251,29.895,NOAA_ERDDAP,sst
2023-01-03 00:00:00+00:00,5.9374976,99.89584,29.92,NOAA_ERDDAP,sst
2023-01-03 00:00:00+00:00,5.9374976,99.97917,29.995,NOAA_ERDDAP,sst
2023-01-03 00:00:00+00:00,5.9374976,100.06251,30.14,NOAA_ERDDAP,sst
2023-01-03 00:00:00+00:00,5.9374976,100.14584,30.035,NOAA_ERDDAP,sst
2023-01-03 00:00:00+00:00,5.9374976,100.22917,30.04,NOAA_ERDDAP,sst
2023-01-03 00:00:00+00:00,5.9374976,100.31251,30.08,NOAA_ERDDAP,sst
2023-01-03 00:00:00+00:00,5.9374976,102.97917,28.22,NOAA_ERDDAP,sst
2023-01-03 00:00:00+00:00,5.9374976,103.06251,28.21,NOAA_ERDDAP,sst
2023-01-03 00:00:00+00:00,5.9374976,105.31251,26.84,NOAA_ERDDAP,sst
2023-01-03 00:00:00+00:00,5.9374976,106.72917,26.385,NOAA_ERDDAP,sst
2023-01-03 00:00:00+00:00,5.9374976,106.81251,26.26,NOAA_ERDDAP,sst
2023-01-03 00:00:00+00:00,5.9374976,112.47917,27.895,NOAA_ERDDAP,sst
2023-01-03 00:00:00+00:00,5.9374976,112.56251,27.685,NOAA_ERDDAP,sst
2023-01-03 00:00:00+00:00,5.9374976,112.64584,28.14,NOAA_ERDDAP,sst
2023-01-03 00:00:00+00:00,5.9374976,112.72917,28.51,NOAA_ERDDAP,sst
2023-01-03 00:00:00+00:00,5.9374976,112.81251,28.24,NOAA_ERDDAP,sst
2023-01-03 00:00:00+00:00,5.9374976,112.89584,28.74,NOAA_ERDDAP,sst
2023-01-03 00:00:00+00:00,5.9374976,112.97917,28.75,NOAA_ERDDAP,sst
2023-01-03 00:00:00+00:00,5.9374976,113.06251,30.14,NOAA_ERDDAP,sst
2023-01-03 00:00:00+00:00,5.9374976,113.14584,29.765,NOAA_ERDDAP,sst
2023-01-03 00:00:00+00:00,5.9374976,113.22917,30.21,NOAA_ERDDAP,sst
2023-01-03 00:00:00+00:00,5.9374976,113.31251,30.415,NOAA_ERDDAP,sst
2023-01-03 00:00:00+00:00,5.9374976,113.39584,30.195,NOAA_ERDDAP,sst
2023-01-03 00:00:00+00:00,5.9374976,113.47917,29.765,NOAA_ERDDAP,sst
2023-01-03 00:00:00+00:00,5.9374976,113.56251,30.3,NOAA_ERDDAP,sst
2023-01-03 00:00:00+00:00,5.9374976,113.64584,30.175,NOAA_ERDDAP,sst
2023-01-03 00:00:00+00:00,5.9374976,113.81251,30.145,NOAA_ERDDAP,sst
2023-01-03 00:00:00+00:00,5.9374976,113.89584,30.335,NOAA_ERDDAP,sst
2023-01-03 00:00:00+00:00,5.9374976,113.97917,29.525,NOAA_ERDDAP,sst
2023-01-03 00:00:00+00:00,5.9374976,114.06251,29.09,NOAA_ERDDAP,sst
2023-01-03 00:00:00+00:00,5.9374976,114.64584,30.285,NOAA_ERDDAP,sst
2023-01-03 00:00:00+00:00,5.9374976,114.72917,29.77,NOAA_ERDDAP,sst
2023-01-03 00:00:00+00:00,5.9374976,119.22918,27.895,NOAA_ERDDAP,sst
2023-01-03 00:00:00+00:00,5.9374976,119.39584,28.26,NOAA_ERDDAP,sst
2023-01-03 00:00:00+00:00,5.9374976,119.64584,27.735,NOAA_ERDDAP,sst
2023-01-03 00:00:00+00:00,5.9374976,119.72918,28.12,NOAA_ERDDAP,sst
2023-01-03 00:00:00+00:00,5.9374976,119.81251,28.02,NOAA_ERDDAP,sst
2023-01-03 00:00:00+00:00,5.9374976,119.89584,28.1,NOAA_ERDDAP,sst
2023-01-03 00:00:00+00:00,5.9374976,119.97918,28.195,NOAA_ERDDAP,sst
2023-01-03 00:00:00+00:00,5.9374976,120.06251,27.835,NOAA_ERDDAP,sst
2023-01-03 00:00:00+00:00,5.9374976,120.14584,27.915,NOAA_ERDDAP,sst
2023-01-03 00:00:00+00:00,5.9374976,120.22918,27.935,NOAA_ERDDAP,sst
2023-01-03 00:00:00+00:00,5.9374976,120.31251,27.98,NOAA_ERDDAP,sst
2023-01-03 00:00:00+00:00,5.9374976,120.39584,28.125,NOAA_ERDDAP,sst
2023-01-03 00:00:00+00:00,5.9374976,120.47918,28.04,NOAA_ERDDAP,sst
2023-01-03 00:00:00+00:00,5.9374976,120.56251,28.24,NOAA_ERDDAP,sst
2023-01-03 00:00:00+00:00,5.9374976,120.64584,28.735,NOAA_ERDDAP,sst
2023-01-03 00:00:00+00:00,5.9374976,120.72918,28.655,NOAA_ERDDAP,sst
2023-01-03 00:00:00+00:00,5.9374976,120.81251,27.89,NOAA_ERDDAP,sst
2023-01-03 00:00:00+00:00,5.9374976,120.89584,27.715,NOAA_ERDDAP,sst
2023-01-03 00:00:00+00:00,5.9374976,121.06251,27.8,NOAA_ERDDAP,sst
2023-01-03 00:00:00+00:00,5.9374976,121.39584,28.12,NOAA_ERDDAP,sst
2023-01-03 00:00:00+00:00,5.9374976,121.47918,28.17,NOAA_ERDDAP,sst
2023-01-03 00:00:00+00:00,5.9374976,121.56251,28.235,NOAA_ERDDAP,sst
2023-01-03 00:00:00+00:00,5.9374976,121.64584,28.875,NOAA_ERDDAP,sst
2023-01-03 00:00:00+00:00,5.9374976,121.72918,29.02,NOAA_ERDDAP,sst
2023-01-03 00:00:00+00:00,5.9374976,121.81251,29.19,NOAA_ERDDAP,sst
2023-01-03 00:00:00+00:00,5.9374976,121.89584,29.205,NOAA_ERDDAP,sst
2023-01-03 00:00:00+00:00,5.9374976,121.97918,29.41,NOAA_ERDDAP,sst
2023-01-03 00:00:00+00:00,5.9374976,122.06251,29.45,NOAA_ERDDAP,sst
2023-01-03 00:00:00+00:00,5.9374976,122.14584,29.685,NOAA_ERDDAP,sst
2023-01-03 00:00:00+00:00,5.9374976,122.22918,29.385,NOAA_ERDDAP,sst
2023-01-03 00:00:00+00:00,5.9374976,122.31251,29.06,NOAA_ERDDAP,sst
2023-01-03 00:00:00+00:00,5.9374976,122.39584,28.965,NOAA_ERDDAP,sst
2023-01-03 00:00:00+00:00,5.9374976,122.47918,28.955,NOAA_ERDDAP,sst
2023-01-03 00:00:00+00:00,5.9374976,122.56251,28.68,NOAA_ERDDAP,sst
2023-01-03 00:00:00+00:00,5.9374976,122.64584,28.79,NOAA_ERDDAP,sst
2023-01-03 00:00:00+00:00,5.9374976,122.72918,28.535,NOAA_ERDDAP,sst
2023-01-03 00:00:00+00:00,5.9374976,122.81251,28.8,NOAA_ERDDAP,sst
2023-01-03 00:00:00+00:00,5.9374976,122.89584,28.965,NOAA_ERDDAP,sst
2023-01-03 00:00:00+00:00,5.9374976,122.97918,28.455,NOAA_ERDDAP,sst
2023-01-03 00:00:00+00:00,5.9374976,123.06251,28.72,NOAA_ERDDAP,sst
2023-01-03 00:00:00+00:00,5.9374976,123.14584,28.845,NOAA_ERDDAP,sst
2023-01-03 00:00:00+00:00,5.9374976,123.22918,29.525,NOAA_ERDDAP,sst
2023-01-03 00:00:00+00:00,5.9374976,123.31251,29.225,NOAA_ERDDAP,sst
2023-01-03 00:00:00+00:00,5.9374976,123.39584,29.195,NOAA_ERDDAP,sst
2023-01-03 00:00:00+00:00,5.9374976,123.47918,29.06,NOAA_ERDDAP,sst
2023-01-03 00:00:00+00:00,5.9374976,123.56251,29.4,NOAA_ERDDAP,sst
2023-01-03 00:00:00+00:00,5.9374976,123.64584,29.415,NOAA_ERDDAP,sst
2023-01-03 00:00:00+00:00,5.9374976,123.72918,29.16,NOAA_ERDDAP,sst
2023-01-03 00:00:00+00:00,5.9374976,123.81251,29.655,NOAA_ERDDAP,sst
2023-01-03 00:00:00+00:00,5.9374976,123.89584,29.35,NOAA_ERDDAP,sst
2023-01-03 00:00:00+00:00,5.9374976,123.97918,29.475,NOAA_ERDDAP,sst
2023-01-03 00:00:00+00:00,5.9374976,124.06251,29.5,NOAA_ERDDAP,sst
2023-01-03 00:00:00+00:00,5.9374976,124.14584,30.235,NOAA_ERDDAP,sst
2023-01-03 00:00:00+00:00,5.9374976,124.22918,30.65,NOAA_ERDDAP,sst
2023-01-03 00:00:00+00:00,5.9374976,124.31251,30.405,NOAA_ERDDAP,sst
2023-01-03 00:00:00+00:00,5.9374976,124.39584,30.15,NOAA_ERDDAP,sst
2023-01-03 00:00:00+00:00,5.9374976,124.47918,30.14,NOAA_ERDDAP,sst
2023-01-03 00:00:00+00:00,5.9374976,124.56251,30.03,NOAA_ERDDAP,sst
2023-01-03 00:00:00+00:00,5.9374976,124.64584,29.88,NOAA_ERDDAP,sst
2023-01-03 00:00:00+00:00,5.9374976,124.72918,29.785,NOAA_ERDDAP,sst
2023-01-03 00:00:00+00:00,5.9374976,124.81251,30.24,NOAA_ERDDAP,sst
2023-01-03 00:00:00+00:00,5.9374976,124.89584,31.71,NOAA_ERDDAP,sst
2023-01-03 00:00:00+00:00,5.9374976,125.06251,29.845,NOAA_ERDDAP,sst
2023-01-03 00:00:00+00:00,5.9374976,125.14584,29.565,NOAA_ERDDAP,sst
2023-01-03 00:00:00+00:00,5.9374976,125.22918,29.65,NOAA_ERDDAP,sst
2023-01-03 00:00:00+00:00,5.9374976,125.72918,28.65,NOAA_ERDDAP,sst
2023-01-03 00:00:00+00:00,5.9374976,125.81251,29.155,NOAA_ERDDAP,sst
2023-01-03 00:00:00+00:00,5.9374976,125.89584,29.555,NOAA_ERDDAP,sst
2023-01-03 00:00:00+00:00,5.9374976,125.97918,29.76,NOAA_ERDDAP,sst
2023-01-03 00:00:00+00:00,5.9374976,126.06251,29.975,NOAA_ERDDAP,sst
2023-01-03 00:00:00+00:00,5.9374976,126.14584,30.515,NOAA_ERDDAP,sst
2023-01-03 00:00:00+00:00,5.9374976,126.22918,30.61,NOAA_ERDDAP,sst
2023-01-03 00:00:00+00:00,5.9374976,126.31251,30.64,NOAA_ERDDAP,sst
2023-01-03 00:00:00+00:00,5.9374976,126.39584,29.97,NOAA_ERDDAP,sst
2023-01-03 00:00:00+00:00,5.9374976,126.47918,30.14,NOAA_ERDDAP,sst
2023-01-03 00:00:00+00:00,5.9374976,126.56251,30.27,NOAA_ERDDAP,sst
2023-01-03 00:00:00+00:00,5.9374976,126.64584,29.935,NOAA_ERDDAP,sst
2023-01-03 00:00:00+00:00,5.9374976,126.72918,29.83,NOAA_ERDDAP,sst
2023-01-03 00:00:00+00:00,5.9374976,126.81251,30.015,NOAA_ERDDAP,sst
2023-01-03 00:00:00+00:00,5.9374976,126.89584,29.96,NOAA_ERDDAP,sst
2023-01-03 00:00:00+00:00,5.9374976,126.97918,29.805,NOAA_ERDDAP,sst
2023-01-03 00:00:00+00:00,5.9374976,127.06251,29.905,NOAA_ERDDAP,sst
2023-01-03 00:00:00+00:00,5.9374976,127.14584,30.06,NOAA_ERDDAP,sst
2023-01-03 00:00:00+00:00,5.9374976,127.22918,30.485,NOAA_ERDDAP,sst
2023-01-03 00:00:00+00:00,5.9374976,127.31251,30.58,NOAA_ERDDAP,sst
2023-01-03 00:00:00+00:00,5.9374976,127.39584,29.25,NOAA_ERDDAP,sst
2023-01-03 00:00:00+00:00,5.9374976,127.47918,30.24,NOAA_ERDDAP,sst
2023-01-03 00:00:00+00:00,5.9374976,127.56251,30.73,NOAA_ERDDAP,sst
2023-01-03 00:00:00+00:00,5.9374976,127.64584,30.885,NOAA_ERDDAP,sst
2023-01-03 00:00:00+00:00,5.9374976,127.72918,30.045,NOAA_ERDDAP,sst
2023-01-03 00:00:00+00:00,5.9374976,127.81251,30.415,NOAA_ERDDAP,sst
